{"cameraMode":{"drawMode":0,"name":"Shaded","section":"Shading Mode"},"sceneLighting":false,"audioPlay":false,"sceneViewState":{"showFog":true,"showMaterialUpdate":false,"showSkybox":true,"showFlares":true,"showImageEffects":true,"showParticleSystems":true},"in2DMode":false,"pivot":{"x":2.9843387603759767,"y":12.992620468139649,"z":97.794921875},"rotation":{"x":0.0029544003773480655,"y":-0.5646415948867798,"z":-0.0020548012107610704,"w":-0.8253490924835205},"size":1.0728490352630616,"orthographic":false}