{"cameraMode":{"drawMode":0,"name":"Shaded","section":"Shading Mode"},"sceneLighting":true,"audioPlay":false,"sceneViewState":{"showFog":true,"showMaterialUpdate":false,"showSkybox":false,"showFlares":true,"showImageEffects":true,"showParticleSystems":true},"in2DMode":false,"pivot":{"x":-1.765800952911377,"y":-2.6944284439086916,"z":-1.5056469440460206},"rotation":{"x":0.269336998462677,"y":0.25916069746017458,"z":-0.07553594559431076,"w":0.9244845509529114},"size":14.634140968322754,"orthographic":false}