{"cameraMode":{"drawMode":0,"name":"Shaded","section":"Shading Mode"},"sceneLighting":false,"audioPlay":false,"sceneViewState":{"showFog":true,"showMaterialUpdate":false,"showSkybox":true,"showFlares":true,"showImageEffects":true,"showParticleSystems":true},"in2DMode":false,"pivot":{"x":54.535709381103519,"y":-2.3148016929626467,"z":80.60503387451172},"rotation":{"x":-0.1708332896232605,"y":-0.488334983587265,"z":0.09813195466995239,"w":-0.8501279950141907},"size":10.364391326904297,"orthographic":false}