{"cameraMode":{"drawMode":0,"name":"Shaded","section":"Shading Mode"},"sceneLighting":false,"audioPlay":false,"sceneViewState":{"showFog":true,"showMaterialUpdate":false,"showSkybox":true,"showFlares":true,"showImageEffects":true,"showParticleSystems":true},"in2DMode":false,"pivot":{"x":61.610477447509769,"y":6.429771423339844,"z":66.6197738647461},"rotation":{"x":-0.08686026185750961,"y":0.8922233581542969,"z":-0.1946612298488617,"w":-0.39812034368515017},"size":-1.704300880432129,"orthographic":false}