{"cameraMode":{"drawMode":0,"name":"Shaded","section":"Shading Mode"},"sceneLighting":true,"audioPlay":false,"sceneViewState":{"showFog":true,"showMaterialUpdate":false,"showSkybox":true,"showFlares":true,"showImageEffects":true,"showParticleSystems":true},"in2DMode":false,"pivot":{"x":826.6736450195313,"y":64.95722961425781,"z":144.38462829589845},"rotation":{"x":0.14326241612434388,"y":-0.05726685747504234,"z":0.008303920738399029,"w":0.9879916906356812},"size":151.73167419433595,"orthographic":false}