{"cameraMode":{"drawMode":0,"name":"Shaded","section":"Shading Mode"},"sceneLighting":true,"audioPlay":false,"sceneViewState":{"showFog":true,"showMaterialUpdate":false,"showSkybox":false,"showFlares":true,"showImageEffects":true,"showParticleSystems":true},"in2DMode":false,"pivot":{"x":1.4096436500549317,"y":-0.364901065826416,"z":3.270786762237549},"rotation":{"x":0.15765605866909028,"y":0.2454584240913391,"z":-0.040461182594299319,"w":0.955662190914154},"size":3.9780843257904054,"orthographic":false}