{"cameraMode":{"drawMode":0,"name":"Shaded","section":"Shading Mode"},"sceneLighting":true,"audioPlay":false,"sceneViewState":{"showFog":true,"showMaterialUpdate":false,"showSkybox":true,"showFlares":true,"showImageEffects":true,"showParticleSystems":true},"in2DMode":false,"pivot":{"x":931.3789672851563,"y":257.1727294921875,"z":-105.23439025878906},"rotation":{"x":-0.2067125290632248,"y":-0.6993513107299805,"z":0.22341477870941163,"w":-0.6467611789703369},"size":44.083648681640628,"orthographic":false}