{"cameraMode":{"drawMode":0,"name":"Shaded","section":"Shading Mode"},"sceneLighting":true,"audioPlay":false,"sceneViewState":{"showFog":true,"showMaterialUpdate":false,"showSkybox":false,"showFlares":true,"showImageEffects":true,"showParticleSystems":true},"in2DMode":false,"pivot":{"x":1.3238681554794312,"y":-0.2021733522415161,"z":-5.001051425933838},"rotation":{"x":0.012392853386700154,"y":0.987642765045166,"z":-0.11306799203157425,"w":0.1079670786857605},"size":3.9645612239837648,"orthographic":false}