{"cameraMode":{"drawMode":0,"name":"Shaded","section":"Shading Mode"},"sceneLighting":false,"audioPlay":false,"sceneViewState":{"showFog":true,"showMaterialUpdate":false,"showSkybox":false,"showFlares":true,"showImageEffects":true,"showParticleSystems":true},"in2DMode":false,"pivot":{"x":1.7668790817260743,"y":2.1827738285064699,"z":-1.3851003646850587},"rotation":{"x":-0.02620032988488674,"y":-0.9665250778198242,"z":0.1094469428062439,"w":-0.23067457973957063},"size":3.2090799808502199,"orthographic":false}