{"cameraMode":{"drawMode":0,"name":"Shaded","section":"Shading Mode"},"sceneLighting":true,"audioPlay":false,"sceneViewState":{"showFog":true,"showMaterialUpdate":false,"showSkybox":true,"showFlares":true,"showImageEffects":true,"showParticleSystems":true},"in2DMode":false,"pivot":{"x":69.95330047607422,"y":76.9078140258789,"z":-41.43959045410156},"rotation":{"x":-0.19804523885250092,"y":-0.1240205466747284,"z":0.025270629674196245,"w":-0.9719974398612976},"size":1.6328413486480713,"orthographic":false}