{"cameraMode":{"drawMode":0,"name":"Shaded","section":"Shading Mode"},"sceneLighting":true,"audioPlay":false,"sceneViewState":{"showFog":true,"showMaterialUpdate":false,"showSkybox":true,"showFlares":true,"showImageEffects":true,"showParticleSystems":true},"in2DMode":false,"pivot":{"x":826.279296875,"y":635.4876708984375,"z":70.54833984375},"rotation":{"x":0.016381802037358285,"y":0.11909904330968857,"z":-0.0019653430208563806,"w":0.9927460551261902},"size":749.1376953125,"orthographic":false}