{"cameraMode":{"drawMode":0,"name":"Shaded","section":"Shading Mode"},"sceneLighting":true,"audioPlay":false,"sceneViewState":{"showFog":true,"showMaterialUpdate":false,"showSkybox":true,"showFlares":true,"showImageEffects":true,"showParticleSystems":true},"in2DMode":false,"pivot":{"x":-2.213883638381958,"y":13.702460289001465,"z":86.3406982421875},"rotation":{"x":-0.004655551165342331,"y":0.18254950642585755,"z":-0.0010921735083684326,"w":-0.9832105040550232},"size":4.39960241317749,"orthographic":false}