{"cameraMode":{"drawMode":0,"name":"Shaded","section":"Shading Mode"},"sceneLighting":true,"audioPlay":false,"sceneViewState":{"showFog":true,"showMaterialUpdate":false,"showSkybox":false,"showFlares":true,"showImageEffects":true,"showParticleSystems":true},"in2DMode":false,"pivot":{"x":2.4750618934631349,"y":-1.1827278137207032,"z":2.3683724403381349},"rotation":{"x":0.15765605866909028,"y":0.2454584240913391,"z":-0.040461182594299319,"w":0.955662190914154},"size":2.4780845642089845,"orthographic":false}