{"cameraMode":{"drawMode":0,"name":"Shaded","section":"Shading Mode"},"sceneLighting":true,"audioPlay":false,"sceneViewState":{"showFog":true,"showMaterialUpdate":false,"showSkybox":false,"showFlares":true,"showImageEffects":true,"showParticleSystems":true},"in2DMode":false,"pivot":{"x":1.7591567039489747,"y":0.9654443264007568,"z":-0.5670510530471802},"rotation":{"x":0.20483534038066865,"y":0.2141573578119278,"z":-0.045989543199539188,"w":0.9540157914161682},"size":8.47579288482666,"orthographic":false}