{"cameraMode":{"drawMode":0,"name":"Shaded","section":"Shading Mode"},"sceneLighting":false,"audioPlay":false,"sceneViewState":{"showFog":true,"showMaterialUpdate":false,"showSkybox":true,"showFlares":true,"showImageEffects":true,"showParticleSystems":true},"in2DMode":false,"pivot":{"x":66.67389678955078,"y":4.331718921661377,"z":71.43504333496094},"rotation":{"x":0.007637593895196915,"y":-0.523372232913971,"z":-0.004780060611665249,"w":-0.8520832061767578},"size":0.6055120229721069,"orthographic":false}