{"cameraMode":{"drawMode":0,"name":"Shaded","section":"Shading Mode"},"sceneLighting":false,"audioPlay":false,"sceneViewState":{"showFog":true,"showMaterialUpdate":false,"showSkybox":false,"showFlares":true,"showImageEffects":true,"showParticleSystems":true},"in2DMode":false,"pivot":{"x":220.24888610839845,"y":376.4927673339844,"z":5416.0927734375},"rotation":{"x":0.007915402762591839,"y":-0.939233660697937,"z":0.3426119089126587,"w":0.02204548381268978},"size":19.09000587463379,"orthographic":false}