{"cameraMode":{"drawMode":0,"name":"Shaded","section":"Shading Mode"},"sceneLighting":false,"audioPlay":false,"sceneViewState":{"showFog":true,"showMaterialUpdate":false,"showSkybox":false,"showFlares":true,"showImageEffects":true,"showParticleSystems":true},"in2DMode":false,"pivot":{"x":-95.44967651367188,"y":14.929910659790039,"z":-119.61526489257813},"rotation":{"x":-0.4655170440673828,"y":0.09839563071727753,"z":-0.052148763090372089,"w":-0.8780300617218018},"size":64.09700775146485,"orthographic":false}