{"cameraMode":{"drawMode":0,"name":"Shaded","section":"Shading Mode"},"sceneLighting":true,"audioPlay":false,"sceneViewState":{"showFog":true,"showMaterialUpdate":false,"showSkybox":false,"showFlares":true,"showImageEffects":true,"showParticleSystems":true},"in2DMode":false,"pivot":{"x":2.135587215423584,"y":0.706326425075531,"z":-1.344702959060669},"rotation":{"x":0.269336998462677,"y":0.25916069746017458,"z":-0.07553594559431076,"w":0.9244845509529114},"size":9.034292221069336,"orthographic":false}