{"cameraMode":{"drawMode":0,"name":"Shaded","section":"Shading Mode"},"sceneLighting":false,"audioPlay":false,"sceneViewState":{"showFog":true,"showMaterialUpdate":false,"showSkybox":false,"showFlares":true,"showImageEffects":true,"showParticleSystems":true},"in2DMode":false,"pivot":{"x":959.9989013671875,"y":539.97216796875,"z":0.7642289400100708},"rotation":{"x":0.018275855109095575,"y":-0.0008655159617774189,"z":0.0000443268108938355,"w":0.9998616576194763},"size":549.6498413085938,"orthographic":false}