{"cameraMode":{"drawMode":0,"name":"Shaded","section":"Shading Mode"},"sceneLighting":false,"audioPlay":false,"sceneViewState":{"showFog":true,"showMaterialUpdate":false,"showSkybox":false,"showFlares":true,"showImageEffects":true,"showParticleSystems":true},"in2DMode":false,"pivot":{"x":0.04561382532119751,"y":0.7598156332969666,"z":0.011344552040100098},"rotation":{"x":-0.2445610612630844,"y":0.05726376175880432,"z":-0.014439663849771023,"w":-0.9678576588630676},"size":1.5493743419647217,"orthographic":false}