{"cameraMode":{"drawMode":0,"name":"Shaded","section":"Shading Mode"},"sceneLighting":true,"audioPlay":false,"sceneViewState":{"showFog":true,"showMaterialUpdate":false,"showSkybox":false,"showFlares":true,"showImageEffects":true,"showParticleSystems":true},"in2DMode":false,"pivot":{"x":3.854832410812378,"y":7.181732177734375,"z":6.732293128967285},"rotation":{"x":0.45167604088783266,"y":0.10954345762729645,"z":-0.05597315728664398,"w":0.8837044835090637},"size":23.196813583374025,"orthographic":false}