{"cameraMode":{"drawMode":0,"name":"Shaded","section":"Shading Mode"},"sceneLighting":true,"audioPlay":false,"sceneViewState":{"showFog":true,"showMaterialUpdate":false,"showSkybox":false,"showFlares":true,"showImageEffects":true,"showParticleSystems":true},"in2DMode":false,"pivot":{"x":2.135587215423584,"y":0.706326425075531,"z":-1.344702959060669},"rotation":{"x":-0.025445502251386644,"y":0.44988584518432619,"z":0.01283212099224329,"w":0.892677366733551},"size":3.937392473220825,"orthographic":false}