{"cameraMode":{"drawMode":0,"name":"Shaded","section":"Shading Mode"},"sceneLighting":true,"audioPlay":false,"sceneViewState":{"showFog":true,"showMaterialUpdate":false,"showSkybox":true,"showFlares":true,"showImageEffects":true,"showParticleSystems":true},"in2DMode":false,"pivot":{"x":792.8970947265625,"y":53.064884185791019,"z":-78.00364685058594},"rotation":{"x":0.2230868935585022,"y":0.1906926929950714,"z":-0.04454994201660156,"w":0.9549304842948914},"size":83.58751678466797,"orthographic":false}