{"cameraMode":{"drawMode":0,"name":"Shaded","section":"Shading Mode"},"sceneLighting":true,"audioPlay":false,"sceneViewState":{"showFog":true,"showMaterialUpdate":false,"showSkybox":false,"showFlares":true,"showImageEffects":true,"showParticleSystems":true},"in2DMode":false,"pivot":{"x":0.41123735904693606,"y":-0.3392843008041382,"z":0.6765394806861877},"rotation":{"x":0.5660818219184876,"y":0.4338873624801636,"z":-0.4899175465106964,"w":0.5013145208358765},"size":15.552445411682129,"orthographic":false}