{"cameraMode":{"drawMode":0,"name":"Shaded","section":"Shading Mode"},"sceneLighting":false,"audioPlay":false,"sceneViewState":{"showFog":true,"showMaterialUpdate":false,"showSkybox":true,"showFlares":true,"showImageEffects":true,"showParticleSystems":true},"in2DMode":false,"pivot":{"x":39.6750373840332,"y":3.567612648010254,"z":70.43196868896485},"rotation":{"x":0.23603422939777375,"y":0.4135969579219818,"z":-0.1119723692536354,"w":0.8721908926963806},"size":13.022601127624512,"orthographic":false}